{
  "hash": "d3ca4d5c",
  "configHash": "871eda28",
  "lockfileHash": "458ae6ef",
  "browserHash": "dd636ea6",
  "optimized": {
    "@angular/cdk/bidi": {
      "src": "../../../../../../node_modules/@angular/cdk/fesm2022/bidi.mjs",
      "file": "@angular_cdk_bidi.js",
      "fileHash": "a39da416",
      "needsInterop": false
    },
    "@angular/cdk/scrolling": {
      "src": "../../../../../../node_modules/@angular/cdk/fesm2022/scrolling.mjs",
      "file": "@angular_cdk_scrolling.js",
      "fileHash": "a1aabe95",
      "needsInterop": false
    },
    "@angular/cdk/text-field": {
      "src": "../../../../../../node_modules/@angular/cdk/fesm2022/text-field.mjs",
      "file": "@angular_cdk_text-field.js",
      "fileHash": "462595f5",
      "needsInterop": false
    },
    "@angular/common": {
      "src": "../../../../../../node_modules/@angular/common/fesm2022/common.mjs",
      "file": "@angular_common.js",
      "fileHash": "c270cfb9",
      "needsInterop": false
    },
    "@angular/common/http": {
      "src": "../../../../../../node_modules/@angular/common/fesm2022/http.mjs",
      "file": "@angular_common_http.js",
      "fileHash": "815d0422",
      "needsInterop": false
    },
    "@angular/core": {
      "src": "../../../../../../node_modules/@angular/core/fesm2022/core.mjs",
      "file": "@angular_core.js",
      "fileHash": "03c845d9",
      "needsInterop": false
    },
    "@angular/material/autocomplete": {
      "src": "../../../../../../node_modules/@angular/material/fesm2022/autocomplete.mjs",
      "file": "@angular_material_autocomplete.js",
      "fileHash": "7127c145",
      "needsInterop": false
    },
    "@angular/material/button": {
      "src": "../../../../../../node_modules/@angular/material/fesm2022/button.mjs",
      "file": "@angular_material_button.js",
      "fileHash": "e7f1b8f9",
      "needsInterop": false
    },
    "@angular/material/card": {
      "src": "../../../../../../node_modules/@angular/material/fesm2022/card.mjs",
      "file": "@angular_material_card.js",
      "fileHash": "4ecf7fd1",
      "needsInterop": false
    },
    "@angular/material/chips": {
      "src": "../../../../../../node_modules/@angular/material/fesm2022/chips.mjs",
      "file": "@angular_material_chips.js",
      "fileHash": "66cd678c",
      "needsInterop": false
    },
    "@angular/material/dialog": {
      "src": "../../../../../../node_modules/@angular/material/fesm2022/dialog.mjs",
      "file": "@angular_material_dialog.js",
      "fileHash": "ed502d60",
      "needsInterop": false
    },
    "@angular/material/divider": {
      "src": "../../../../../../node_modules/@angular/material/fesm2022/divider.mjs",
      "file": "@angular_material_divider.js",
      "fileHash": "4ce624b7",
      "needsInterop": false
    },
    "@angular/material/form-field": {
      "src": "../../../../../../node_modules/@angular/material/fesm2022/form-field.mjs",
      "file": "@angular_material_form-field.js",
      "fileHash": "66c2c6d0",
      "needsInterop": false
    },
    "@angular/material/grid-list": {
      "src": "../../../../../../node_modules/@angular/material/fesm2022/grid-list.mjs",
      "file": "@angular_material_grid-list.js",
      "fileHash": "d8e49bb1",
      "needsInterop": false
    },
    "@angular/material/icon": {
      "src": "../../../../../../node_modules/@angular/material/fesm2022/icon.mjs",
      "file": "@angular_material_icon.js",
      "fileHash": "de80229e",
      "needsInterop": false
    },
    "@angular/material/input": {
      "src": "../../../../../../node_modules/@angular/material/fesm2022/input.mjs",
      "file": "@angular_material_input.js",
      "fileHash": "d1fb661a",
      "needsInterop": false
    },
    "@angular/material/list": {
      "src": "../../../../../../node_modules/@angular/material/fesm2022/list.mjs",
      "file": "@angular_material_list.js",
      "fileHash": "c3d562ab",
      "needsInterop": false
    },
    "@angular/material/progress-spinner": {
      "src": "../../../../../../node_modules/@angular/material/fesm2022/progress-spinner.mjs",
      "file": "@angular_material_progress-spinner.js",
      "fileHash": "28804423",
      "needsInterop": false
    },
    "@angular/material/select": {
      "src": "../../../../../../node_modules/@angular/material/fesm2022/select.mjs",
      "file": "@angular_material_select.js",
      "fileHash": "071ec5fd",
      "needsInterop": false
    },
    "@angular/material/sidenav": {
      "src": "../../../../../../node_modules/@angular/material/fesm2022/sidenav.mjs",
      "file": "@angular_material_sidenav.js",
      "fileHash": "51b2a302",
      "needsInterop": false
    },
    "@angular/material/snack-bar": {
      "src": "../../../../../../node_modules/@angular/material/fesm2022/snack-bar.mjs",
      "file": "@angular_material_snack-bar.js",
      "fileHash": "68f5b9a3",
      "needsInterop": false
    },
    "@angular/material/toolbar": {
      "src": "../../../../../../node_modules/@angular/material/fesm2022/toolbar.mjs",
      "file": "@angular_material_toolbar.js",
      "fileHash": "5a918ac0",
      "needsInterop": false
    },
    "@angular/platform-browser": {
      "src": "../../../../../../node_modules/@angular/platform-browser/fesm2022/platform-browser.mjs",
      "file": "@angular_platform-browser.js",
      "fileHash": "b0c0c8d1",
      "needsInterop": false
    },
    "@angular/router": {
      "src": "../../../../../../node_modules/@angular/router/fesm2022/router.mjs",
      "file": "@angular_router.js",
      "fileHash": "a778f419",
      "needsInterop": false
    },
    "rxjs": {
      "src": "../../../../../../node_modules/rxjs/dist/esm5/index.js",
      "file": "rxjs.js",
      "fileHash": "feab43c4",
      "needsInterop": false
    }
  },
  "chunks": {
    "chunk-YFHYH2SU": {
      "file": "chunk-YFHYH2SU.js"
    },
    "chunk-UQ4LK33X": {
      "file": "chunk-UQ4LK33X.js"
    },
    "chunk-ROST7HMG": {
      "file": "chunk-ROST7HMG.js"
    },
    "chunk-T52UPJ7K": {
      "file": "chunk-T52UPJ7K.js"
    },
    "chunk-RDULEJSX": {
      "file": "chunk-RDULEJSX.js"
    },
    "chunk-ZWIEQVPO": {
      "file": "chunk-ZWIEQVPO.js"
    },
    "chunk-AKC6VBNT": {
      "file": "chunk-AKC6VBNT.js"
    },
    "chunk-B7NVUTS3": {
      "file": "chunk-B7NVUTS3.js"
    },
    "chunk-2UBIQ5M7": {
      "file": "chunk-2UBIQ5M7.js"
    },
    "chunk-Y6SYHWYO": {
      "file": "chunk-Y6SYHWYO.js"
    },
    "chunk-MTL2DETT": {
      "file": "chunk-MTL2DETT.js"
    },
    "chunk-CJOXVMQC": {
      "file": "chunk-CJOXVMQC.js"
    },
    "chunk-K57WBAQR": {
      "file": "chunk-K57WBAQR.js"
    },
    "chunk-AZ23YSBH": {
      "file": "chunk-AZ23YSBH.js"
    },
    "chunk-UG5DAOH3": {
      "file": "chunk-UG5DAOH3.js"
    },
    "chunk-54IK5CGC": {
      "file": "chunk-54IK5CGC.js"
    },
    "chunk-IYDPA6BY": {
      "file": "chunk-IYDPA6BY.js"
    },
    "chunk-RDLB3YHM": {
      "file": "chunk-RDLB3YHM.js"
    },
    "chunk-RRDSCTXC": {
      "file": "chunk-RRDSCTXC.js"
    },
    "chunk-VENV3F3G": {
      "file": "chunk-VENV3F3G.js"
    },
    "chunk-46HAYV32": {
      "file": "chunk-46HAYV32.js"
    },
    "chunk-WFM7LBBW": {
      "file": "chunk-WFM7LBBW.js"
    },
    "chunk-JUXKIOZO": {
      "file": "chunk-JUXKIOZO.js"
    },
    "chunk-5EG33CFQ": {
      "file": "chunk-5EG33CFQ.js"
    },
    "chunk-X2QHO4K3": {
      "file": "chunk-X2QHO4K3.js"
    },
    "chunk-56PDSMVE": {
      "file": "chunk-56PDSMVE.js"
    },
    "chunk-IOKYER7F": {
      "file": "chunk-IOKYER7F.js"
    },
    "chunk-2U2ZCMPR": {
      "file": "chunk-2U2ZCMPR.js"
    },
    "chunk-JXMS5OBF": {
      "file": "chunk-JXMS5OBF.js"
    },
    "chunk-PJVWDKLX": {
      "file": "chunk-PJVWDKLX.js"
    }
  }
}